"flagCode","country","EducationSpending_PctOfGDP_pct_MultiYear","EducationSpending_DataYear_year_MultiYear","EducationSpendingPerStudent_2019"
"AS","American Samoa",14.7,2006,
"KI","Kiribati",14.2,2021,
"TV","Tuvalu",12.8,2023,
"VU","Vanuatu",10.6,2023,
"FM","Micronesia",10.5,2020,
"CU","Cuba",9.4,2021,
"NA","Namibia",9,2023,
"SB","Solomon Islands",8.3,2023,
"BW","Botswana",8.1,2020,
"NR","Nauru",7.8,2022,
"BO","Bolivia",7.6,2022,
"SE","Sweden",7.6,2021,13800
"MH","Marshall Islands",7.5,2022,
"VC","Saint Vincent and the Grenadines",7.2,2022,
"IS","Iceland",7.1,2022,15200
"SL","Sierra Leone",6.8,2023,
"KG","Kyrgyzstan",6.8,2023,
"TN","Tunisia",6.7,2023,
"LS","Lesotho",6.7,2023,
"IL","Israel",6.5,2022,9800
"FI","Finland",6.5,2021,12000
"BE","Belgium",6.4,2021,14400
"MD","Moldova",6.3,2023,
"SZ","Eswatini",6.3,2023,
"MZ","Mozambique",6.2,2022,
"CR","Costa Rica",6.2,2021,
"MO","Macau",6.2,2022,
"ZA","South Africa",6.1,2023,
"PR","Puerto Rico",6.1,2014,
"WS","Samoa",6.1,2023,
"MA","Morocco",6,2023,
"SN","Senegal",6,2022,
"UA","Ukraine",5.9,2022,
"TJ","Tajikistan",5.8,2023,
"BT","Bhutan",5.8,2023,
"JM","Jamaica",5.7,2023,
"DZ","Algeria",5.6,2023,
"YE","Yemen",5.5,2012,
"UZ","Uzbekistan",5.5,2023,
"US","United States",5.4,2021,15500
"FR","France",5.4,2021,12200
"SI","Slovenia",5.4,2021,10000
"MT","Malta",5.4,2021,
"BF","Burkina Faso",5.3,2022,
"DK","Denmark",5.3,2022,13200
"EE","Estonia",5.3,2021,9300
"AU","Australia",5.2,2022,14100
"NZ","New Zealand",5.2,2022,8600
"CY","Cyprus",5.2,2021,
"MV","Maldives",5.2,2023,
"ST","Sao Tome and Principe",5.2,2022,
"SA","Saudi Arabia",5.1,2023,
"SY","Syria",5.1,2009,
"NL","Netherlands",5.1,2022,13600
"CW","Curacao",5.1,2011,
"TO","Tonga",5.1,2023,
"GB","United Kingdom",5,2022,13300
"CL","Chile",5,2021,6500
"BY","Belarus",5,2023,
"KW","Kuwait",5,2023,
"KR","South Korea",4.9,2021,15900
"RW","Rwanda",4.9,2023,
"CH","Switzerland",4.9,2022,
"AR","Argentina",4.8,2022,
"BI","Burundi",4.8,2022,
"CZ","Czechia",4.8,2021,10700
"PT","Portugal",4.8,2021,10400
"AT","Austria",4.8,2022,15900
"SK","Slovakia",4.8,2021,7800
"PL","Poland",4.7,2021,9000
"HU","Hungary",4.7,2021,8300
"BG","Bulgaria",4.7,2021,
"LU","Luxembourg",4.7,2022,25600
"CV","Cape Verde",4.7,2022,
"SC","Seychelles",4.7,2022,
"DM","Dominica",4.7,2023,
"LV","Latvia",4.6,2021,7700
"MU","Mauritius",4.6,2023,
"DE","Germany",4.5,2022,13700
"UY","Uruguay",4.5,2022,
"GY","Guyana",4.5,2018,
"BN","Brunei",4.4,2016,
"AW","Aruba",4.4,2019,
"ES","Spain",4.3,2022,9800
"AF","Afghanistan",4.3,2017,
"LT","Lithuania",4.3,2021,7500
"BZ","Belize",4.3,2023,
"MX","Mexico",4.2,2021,3000
"IT","Italy",4.2,2021,10900
"PE","Peru",4.2,2023,
"KZ","Kazakhstan",4.2,2022,
"OM","Oman",4.2,2022,
"FJ","Fiji",4.2,2023,
"SX","Sint Maarten",4.2,2022,
"IN","India",4.1,2022,
"RU","Russia",4.1,2022,
"CA","Canada",4.1,2022,12800
"NE","Niger",4.1,2022,
"GR","Greece",4.1,2021,7100
"HR","Croatia",4.1,2021,
"BA","Bosnia and Herzegovina",4.1,2021,
"CN","China",4,2022,
"KE","Kenya",4,2023,
"ML","Mali",4,2022,
"HN","Honduras",4,2023,
"NO","Norway",4,2022,18000
"BB","Barbados",4,2023,
"EG","Egypt",3.9,2015,
"EC","Ecuador",3.9,2023,
"DO","Dominican Republic",3.9,2022,
"AE","United Arab Emirates",3.9,2021,
"GD","Grenada",3.9,2022,
"TG","Togo",3.8,2022,
"HK","Hong Kong",3.8,2023,
"NI","Nicaragua",3.8,2022,
"DJ","Djibouti",3.8,2018,
"ET","Ethiopia",3.7,2022,
"CO","Colombia",3.7,2001,4000
"NP","Nepal",3.7,2023,
"GE","Georgia",3.7,2023,
"MN","Mongolia",3.7,2023,
"LC","Saint Lucia",3.7,2022,
"PH","Philippines",3.6,2023,
"MY","Malaysia",3.6,2023,
"ZM","Zambia",3.6,2022,
"AZ","Azerbaijan",3.6,2023,
"AG","Antigua and Barbuda",3.6,2022,
"KN","Saint Kitts and Nevis",3.6,2022,
"CI","Ivory Coast",3.4,2023,
"BJ","Benin",3.4,2022,
"PY","Paraguay",3.4,2023,
"PA","Panama",3.4,2022,
"SM","San Marino",3.4,2022,
"PW","Palau",3.4,2023,
"TZ","Tanzania",3.3,2023,
"MW","Malawi",3.3,2018,
"RO","Romania",3.3,2021,
"MK","North Macedonia",3.3,2002,
"JP","Japan",3.2,2022,10700
"GT","Guatemala",3.2,2023,
"JO","Jordan",3.2,2022,
"RS","Serbia",3.2,2022,
"SV","El Salvador",3.2,2023,
"QA","Qatar",3.2,2020,
"MG","Madagascar",3.1,2022,
"TC","Turks and Caicos Islands",3.1,2023,
"CD","DR Congo",3,2022,
"KH","Cambodia",3,2023,
"CG","Republic of the Congo",3,2022,
"IE","Ireland",3,2021,9800
"TL","Timor-Leste",3,2021,
"VN","Vietnam",2.9,2022,
"IR","Iran",2.9,2023,
"TT","Trinidad and Tobago",2.9,2022,
"SR","Suriname",2.9,2023,
"BS","Bahamas",2.8,2022,
"TM","Turkmenistan",2.7,2023,
"GM","Gambia",2.7,2023,
"AL","Albania",2.7,2022,
"TR","Turkey",2.6,2022,4800
"UG","Uganda",2.6,2023,
"CM","Cameroon",2.6,2022,
"MR","Mauritania",2.6,2023,
"LI","Liechtenstein",2.6,2011,
"TH","Thailand",2.5,2023,
"TD","Chad",2.5,2022,
"VG","British Virgin Islands",2.5,2022,
"KM","Comoros",2.4,2022,
"AO","Angola",2.3,2022,
"LR","Liberia",2.3,2022,
"SG","Singapore",2.2,2023,
"GA","Gabon",2.2,2022,
"ZW","Zimbabwe",2.1,2018,
"CF","Central African Republic",2.1,2022,
"ER","Eritrea",2.1,2006,
"MM","Myanmar",2,2019,
"SD","Sudan",2,2009,
"GN","Guinea",2,2022,
"GW","Guinea-Bissau",2,2013,
"BH","Bahrain",2,2022,
"PK","Pakistan",1.9,2023,
"AD","Andorra",1.9,2023,
"BM","Bermuda",1.9,2023,
"BD","Bangladesh",1.8,2023,
"LK","Sri Lanka",1.8,2023,
"LB","Lebanon",1.7,2020,
"SS","South Sudan",1.6,2016,
"KY","Cayman Islands",1.5,2022,
"ID","Indonesia",1.3,2023,
"HT","Haiti",1.3,2022,
"PG","Papua New Guinea",1.3,2021,
"LA","Laos",1.2,2023,
"MC","Monaco",1.2,2022,
"NG","Nigeria",0.3,2022,
"AM","Armenia",0.2,2023,